date,symbol,marketcapname,sector
20-12-2022,ADANIENT,Largecap,Services
21-12-2022,ZYDUSLIFE,Largecap,Pharmaceuticals
27-12-2022,JSWSTEEL,Largecap,Metals
02-01-2023,ONGC,Largecap,Oils
03-01-2023,AXISBANK,Largecap,Bank
05-01-2023,ZYDUSLIFE,Largecap,Pharmaceuticals
09-01-2023,ZYDUSLIFE,Largecap,Pharmaceuticals
10-01-2023,HCLTECH,Largecap,I.T
11-01-2023,HINDCOPPER,Midcap,Metals
12-01-2023,HCLTECH,Largecap,I.T
13-01-2023,NMDC,Largecap,Industrials
13-01-2023,ULTRACEMCO,Largecap,Industrials
13-01-2023,TCS,Largecap,I.T
16-01-2023,HCLTECH,Largecap,I.T
17-01-2023,HCLTECH,Largecap,I.T
19-01-2023,POLYCAB,Largecap,Industrials
19-01-2023,PERSISTENT,Largecap,I.T
20-01-2023,PERSISTENT,Largecap,I.T
23-01-2023,WIPRO,Largecap,I.T
23-01-2023,IGL,Largecap,Industrials
23-01-2023,PETRONET,Largecap,Industrials
23-01-2023,COFORGE,Largecap,I.T
24-01-2023,CANFINHOME,Midcap,Finance
24-01-2023,INDIAMART,Midcap,I.T
24-01-2023,PETRONET,Largecap,Industrials
27-01-2023,TATAMOTORS,Largecap,Auto
31-01-2023,M&M,Largecap,Auto
31-01-2023,TATAMOTORS,Largecap,Auto
31-01-2023,POLYCAB,Largecap,Industrials
01-02-2023,POLYCAB,Largecap,Industrials
02-02-2023,BRITANNIA,Largecap,FMCG
03-02-2023,BRITANNIA,Largecap,FMCG
03-02-2023,CHOLAFIN,Largecap,Finance
03-02-2023,M&MFIN,Largecap,Finance
06-02-2023,CHOLAFIN,Largecap,Finance
06-02-2023,IDFC,Midcap,Finance
06-02-2023,M&MFIN,Largecap,Finance
09-02-2023,INFY,Largecap,I.T
09-02-2023,TCS,Largecap,I.T
10-02-2023,PEL,Largecap,Finance
10-02-2023,BHARATFORG,Largecap,Industrials
10-02-2023,MPHASIS,Largecap,I.T
15-02-2023,TVSMOTOR,Largecap,Auto
16-02-2023,MPHASIS,Largecap,I.T
16-02-2023,TVSMOTOR,Largecap,Auto
16-02-2023,LTIM,Largecap,I.T
20-02-2023,PERSISTENT,Largecap,I.T
01-03-2023,ABCAPITAL,Largecap,Finance
01-03-2023,POLYCAB,Largecap,Industrials
01-03-2023,INDIAMART,Midcap,I.T
03-03-2023,PFC,Largecap,Finance
06-03-2023,NTPC,Largecap,Miscellaneous
06-03-2023,PFC,Largecap,Finance
06-03-2023,POWERGRID,Largecap,Miscellaneous
08-03-2023,IGL,Largecap,Industrials
08-03-2023,NTPC,Largecap,Miscellaneous
08-03-2023,POWERGRID,Largecap,Miscellaneous
09-03-2023,CUMMINSIND,Largecap,FMCG
15-03-2023,PETRONET,Largecap,Industrials
16-03-2023,BERGEPAINT,Largecap,Industrials
16-03-2023,PETRONET,Largecap,Industrials
17-03-2023,GMRINFRA,Largecap,Realty
21-03-2023,INDIAMART,Midcap,I.T
22-03-2023,SRF,Largecap,Industrials
27-03-2023,AUROPHARMA,Largecap,Pharmaceuticals
28-03-2023,GLENMARK,Largecap,Pharmaceuticals
29-03-2023,DRREDDY,Largecap,Pharmaceuticals
29-03-2023,ZYDUSLIFE,Largecap,Pharmaceuticals
31-03-2023,TRENT,Largecap,FMCG
31-03-2023,GLENMARK,Largecap,Pharmaceuticals
31-03-2023,ZYDUSLIFE,Largecap,Pharmaceuticals
31-03-2023,ULTRACEMCO,Largecap,Industrials
03-04-2023,GLENMARK,Largecap,Pharmaceuticals
03-04-2023,GMRINFRA,Largecap,Realty
03-04-2023,BAJAJ-AUTO,Largecap,Auto
05-04-2023,DRREDDY,Largecap,Pharmaceuticals
05-04-2023,LT,Largecap,Realty
05-04-2023,COLPAL,Largecap,FMCG
05-04-2023,GLENMARK,Largecap,Pharmaceuticals
05-04-2023,BAJAJ-AUTO,Largecap,Auto
05-04-2023,DALBHARAT,Largecap,Industrials
06-04-2023,LT,Largecap,Realty
10-04-2023,LT,Largecap,Realty
10-04-2023,DLF,Largecap,Realty
11-04-2023,NAVINFLUOR,Largecap,Industrials
12-04-2023,INDIAMART,Midcap,I.T
13-04-2023,IGL,Largecap,Industrials
17-04-2023,ABCAPITAL,Largecap,Finance
17-04-2023,BANKBARODA,Largecap,Bank
18-04-2023,SRF,Largecap,Industrials
18-04-2023,BANKBARODA,Largecap,Bank
19-04-2023,SHRIRAMFIN,Largecap,Finance
21-04-2023,ITC,Largecap,FMCG
21-04-2023,GODREJCP,Largecap,FMCG
25-04-2023,TORNTPHARM,Largecap,Pharmaceuticals
25-04-2023,CANBK,Largecap,Bank
26-04-2023,SIEMENS,Largecap,FMCG
26-04-2023,POWERGRID,Largecap,Miscellaneous
26-04-2023,IDFCFIRSTB,Largecap,Bank
27-04-2023,IOC,Largecap,Industrials
28-04-2023,SBIN,Largecap,Bank
28-04-2023,LT,Largecap,Realty
28-04-2023,GNFC,Midcap,Industrials
28-04-2023,TATACONSUM,Largecap,FMCG
28-04-2023,BRITANNIA,Largecap,FMCG
28-04-2023,APOLLOHOSP,Largecap,Pharmaceuticals
28-04-2023,PIIND,Largecap,Industrials
28-04-2023,HAL,Largecap,FMCG
28-04-2023,IOC,Largecap,Industrials
28-04-2023,BHARTIARTL,Largecap,Telecom
28-04-2023,CANBK,Largecap,Bank
28-04-2023,ALKEM,Largecap,Pharmaceuticals
02-05-2023,TRENT,Largecap,FMCG
02-05-2023,RELIANCE,Largecap,Industrials
02-05-2023,GNFC,Midcap,Industrials
02-05-2023,PIIND,Largecap,Industrials
02-05-2023,INDIAMART,Midcap,I.T
02-05-2023,DELTACORP,Smallcap,Miscellaneous
03-05-2023,BEL,Largecap,FMCG
03-05-2023,GNFC,Midcap,Industrials
03-05-2023,PIIND,Largecap,Industrials
03-05-2023,ABCAPITAL,Largecap,Finance
03-05-2023,INDIAMART,Midcap,I.T
04-05-2023,CHAMBLFERT,Midcap,Industrials
04-05-2023,HDFCBANK,Largecap,Bank
04-05-2023,GRASIM,Largecap,Textiles
04-05-2023,ASIANPAINT,Largecap,Industrials
04-05-2023,COROMANDEL,Largecap,Industrials
04-05-2023,HAVELLS,Largecap,FMCG
04-05-2023,ABCAPITAL,Largecap,Finance
04-05-2023,DELTACORP,Smallcap,Miscellaneous
05-05-2023,TITAN,Largecap,Miscellaneous
05-05-2023,TRENT,Largecap,FMCG
05-05-2023,ASIANPAINT,Largecap,Industrials
05-05-2023,BRITANNIA,Largecap,FMCG
05-05-2023,HAVELLS,Largecap,FMCG
08-05-2023,HEROMOTOCO,Largecap,Auto
08-05-2023,ESCORTS,Largecap,Auto
08-05-2023,TATAMOTORS,Largecap,Auto
08-05-2023,BALKRISIND,Largecap,Auto
08-05-2023,COROMANDEL,Largecap,Industrials
08-05-2023,IEX,Midcap,Miscellaneous
08-05-2023,SBICARD,Largecap,Finance
08-05-2023,POWERGRID,Largecap,Miscellaneous
08-05-2023,MUTHOOTFIN,Largecap,Finance
09-05-2023,HEROMOTOCO,Largecap,Auto
09-05-2023,LUPIN,Largecap,Pharmaceuticals
09-05-2023,ONGC,Largecap,Oils
09-05-2023,TATAMOTORS,Largecap,Auto
09-05-2023,SBICARD,Largecap,Finance
09-05-2023,BSOFT,Midcap,I.T
09-05-2023,ALKEM,Largecap,Pharmaceuticals
09-05-2023,MGL,Midcap,Industrials
10-05-2023,ONGC,Largecap,Oils
10-05-2023,TATAMOTORS,Largecap,Auto
10-05-2023,BALKRISIND,Largecap,Auto
10-05-2023,IEX,Midcap,Miscellaneous
10-05-2023,POWERGRID,Largecap,Miscellaneous
10-05-2023,MGL,Midcap,Industrials
11-05-2023,TRENT,Largecap,FMCG
11-05-2023,PIDILITIND,Largecap,Industrials
11-05-2023,COLPAL,Largecap,FMCG
11-05-2023,IEX,Midcap,Miscellaneous
11-05-2023,MARICO,Largecap,FMCG
11-05-2023,INDUSINDBK,Largecap,Bank
11-05-2023,ADANIPORTS,Largecap,Realty
12-05-2023,TRENT,Largecap,FMCG
12-05-2023,HAVELLS,Largecap,FMCG
12-05-2023,POLYCAB,Largecap,Industrials
12-05-2023,INDUSINDBK,Largecap,Bank
12-05-2023,AXISBANK,Largecap,Bank
15-05-2023,ASHOKLEY,Largecap,Auto
15-05-2023,M&M,Largecap,Auto
15-05-2023,INDUSINDBK,Largecap,Bank
15-05-2023,DELTACORP,Smallcap,Miscellaneous
15-05-2023,OBEROIRLTY,Largecap,Realty
16-05-2023,HAL,Largecap,FMCG
16-05-2023,POLYCAB,Largecap,Industrials
16-05-2023,COALINDIA,Largecap,Industrials
19-05-2023,MCDOWELL-N,Largecap,FMCG
22-05-2023,AMBUJACEM,Largecap,Industrials
22-05-2023,BALKRISIND,Largecap,Auto
22-05-2023,WIPRO,Largecap,I.T
22-05-2023,HCLTECH,Largecap,I.T
22-05-2023,MCDOWELL-N,Largecap,FMCG
22-05-2023,COFORGE,Largecap,I.T
22-05-2023,ADANIPORTS,Largecap,Realty
22-05-2023,PERSISTENT,Largecap,I.T
22-05-2023,MUTHOOTFIN,Largecap,Finance
23-05-2023,PEL,Largecap,Finance
23-05-2023,TORNTPHARM,Largecap,Pharmaceuticals
23-05-2023,BALKRISIND,Largecap,Auto
23-05-2023,BANDHANBNK,Largecap,Bank
23-05-2023,CONCOR,Largecap,Services
23-05-2023,DELTACORP,Smallcap,Miscellaneous
23-05-2023,MUTHOOTFIN,Largecap,Finance
24-05-2023,WIPRO,Largecap,I.T
24-05-2023,BANDHANBNK,Largecap,Bank
25-05-2023,ITC,Largecap,FMCG
25-05-2023,BALKRISIND,Largecap,Auto
25-05-2023,CONCOR,Largecap,Services
25-05-2023,IDFC,Midcap,Finance
25-05-2023,BAJAJ-AUTO,Largecap,Auto
25-05-2023,JUBLFOOD,Largecap,Quick Service Restaurant
26-05-2023,RELIANCE,Largecap,Industrials
26-05-2023,CUMMINSIND,Largecap,FMCG
26-05-2023,ITC,Largecap,FMCG
26-05-2023,BERGEPAINT,Largecap,Industrials
26-05-2023,CONCOR,Largecap,Services
26-05-2023,HCLTECH,Largecap,I.T
26-05-2023,TECHM,Largecap,I.T
26-05-2023,PERSISTENT,Largecap,I.T
26-05-2023,SYNGENE,Largecap,Pharmaceuticals
29-05-2023,BEL,Largecap,FMCG
29-05-2023,SBIN,Largecap,Bank
29-05-2023,TATAPOWER,Largecap,Miscellaneous
29-05-2023,IRCTC,Largecap,Miscellaneous
29-05-2023,NATIONALUM,Midcap,Metals
29-05-2023,COALINDIA,Largecap,Industrials
29-05-2023,IBULHSGFIN,Midcap,Finance
30-05-2023,HDFCLIFE,Largecap,Services
30-05-2023,DALBHARAT,Largecap,Industrials
31-05-2023,BEL,Largecap,FMCG
31-05-2023,MFSL,Largecap,Finance
31-05-2023,CUMMINSIND,Largecap,FMCG
31-05-2023,ESCORTS,Largecap,Auto
31-05-2023,COFORGE,Largecap,I.T
01-06-2023,INDHOTEL,Largecap,Services
01-06-2023,M&MFIN,Largecap,Finance
02-06-2023,MARUTI,Largecap,Auto
02-06-2023,NAUKRI,Largecap,I.T
05-06-2023,BHEL,Largecap,FMCG
05-06-2023,TATAMOTORS,Largecap,Auto
05-06-2023,HAL,Largecap,FMCG
05-06-2023,POLYCAB,Largecap,Industrials
05-06-2023,AXISBANK,Largecap,Bank
05-06-2023,MARUTI,Largecap,Auto
05-06-2023,SUNTV,Largecap,Media
05-06-2023,BAJAJ-AUTO,Largecap,Auto
06-06-2023,AMBUJACEM,Largecap,Industrials
06-06-2023,AXISBANK,Largecap,Bank
06-06-2023,SUNTV,Largecap,Media
06-06-2023,BAJAJ-AUTO,Largecap,Auto
06-06-2023,BAJAJFINSV,Largecap,Finance
06-06-2023,ICICIPRULI,Largecap,Services
07-06-2023,TATACONSUM,Largecap,FMCG
07-06-2023,APOLLOHOSP,Largecap,Pharmaceuticals
07-06-2023,PIIND,Largecap,Industrials
07-06-2023,TVSMOTOR,Largecap,Auto
07-06-2023,BAJAJ-AUTO,Largecap,Auto
08-06-2023,MCX,Midcap,Miscellaneous
12-06-2023,BPCL,Largecap,Industrials
12-06-2023,MOTHERSON,Largecap,Auto
12-06-2023,ABCAPITAL,Largecap,Finance
12-06-2023,NTPC,Largecap,Miscellaneous
13-06-2023,ABB,Largecap,FMCG
13-06-2023,BERGEPAINT,Largecap,Industrials
13-06-2023,CHOLAFIN,Largecap,Finance
13-06-2023,MOTHERSON,Largecap,Auto
13-06-2023,DLF,Largecap,Realty
13-06-2023,L&TFH,Largecap,Finance
14-06-2023,ABB,Largecap,FMCG
14-06-2023,GRASIM,Largecap,Textiles
14-06-2023,RELIANCE,Largecap,Industrials
14-06-2023,TATASTEEL,Largecap,Metals
14-06-2023,TATACONSUM,Largecap,FMCG
14-06-2023,ZYDUSLIFE,Largecap,Pharmaceuticals
14-06-2023,GODREJPROP,Largecap,Realty
14-06-2023,OBEROIRLTY,Largecap,Realty
14-06-2023,DALBHARAT,Largecap,Industrials
15-06-2023,CIPLA,Largecap,Pharmaceuticals
15-06-2023,DRREDDY,Largecap,Pharmaceuticals
15-06-2023,ZYDUSLIFE,Largecap,Pharmaceuticals
15-06-2023,DALBHARAT,Largecap,Industrials
16-06-2023,EXIDEIND,Largecap,Auto
16-06-2023,CIPLA,Largecap,Pharmaceuticals
16-06-2023,LICHSGFIN,Largecap,Finance
16-06-2023,RELIANCE,Largecap,Industrials
16-06-2023,COLPAL,Largecap,FMCG
16-06-2023,SBILIFE,Largecap,Services
16-06-2023,HDFCLIFE,Largecap,Services
16-06-2023,METROPOLIS,Midcap,Pharmaceuticals
16-06-2023,IRCTC,Largecap,Miscellaneous
16-06-2023,M&MFIN,Largecap,Finance
16-06-2023,BAJAJFINSV,Largecap,Finance
19-06-2023,SAIL,Largecap,Metals
19-06-2023,HDFCLIFE,Largecap,Services
19-06-2023,BANKBARODA,Largecap,Bank
19-06-2023,LALPATHLAB,Midcap,Pharmaceuticals
20-06-2023,BATAINDIA,Largecap,FMCG
20-06-2023,EXIDEIND,Largecap,Auto
20-06-2023,PEL,Largecap,Finance
20-06-2023,DEEPAKNTR,Largecap,Industrials
20-06-2023,SHRIRAMFIN,Largecap,Finance
20-06-2023,HDFCAMC,Largecap,Finance
21-06-2023,MFSL,Largecap,Finance
21-06-2023,DEEPAKNTR,Largecap,Industrials
21-06-2023,MOTHERSON,Largecap,Auto
21-06-2023,BANKBARODA,Largecap,Bank
21-06-2023,POWERGRID,Largecap,Miscellaneous
21-06-2023,LTTS,Largecap,I.T
26-06-2023,AUROPHARMA,Largecap,Pharmaceuticals
27-06-2023,LUPIN,Largecap,Pharmaceuticals
27-06-2023,COLPAL,Largecap,FMCG
27-06-2023,CANFINHOME,Midcap,Finance
27-06-2023,ABCAPITAL,Largecap,Finance
27-06-2023,ICICIGI,Largecap,Services
27-06-2023,METROPOLIS,Midcap,Pharmaceuticals
27-06-2023,LTIM,Largecap,I.T
28-06-2023,TITAN,Largecap,Miscellaneous
28-06-2023,LUPIN,Largecap,Pharmaceuticals
28-06-2023,SUNPHARMA,Largecap,Pharmaceuticals
28-06-2023,AUROPHARMA,Largecap,Pharmaceuticals
28-06-2023,ABCAPITAL,Largecap,Finance
28-06-2023,ICICIGI,Largecap,Services
28-06-2023,GLENMARK,Largecap,Pharmaceuticals
28-06-2023,GRANULES,Midcap,Pharmaceuticals
28-06-2023,PFC,Largecap,Finance
28-06-2023,DELTACORP,Smallcap,Miscellaneous
28-06-2023,RECLTD,Largecap,Finance
28-06-2023,SYNGENE,Largecap,Pharmaceuticals
28-06-2023,ALKEM,Largecap,Pharmaceuticals
30-06-2023,TITAN,Largecap,Miscellaneous
30-06-2023,LUPIN,Largecap,Pharmaceuticals
30-06-2023,CUMMINSIND,Largecap,FMCG
30-06-2023,LT,Largecap,Realty
30-06-2023,M&M,Largecap,Auto
30-06-2023,TATAMOTORS,Largecap,Auto
30-06-2023,ABCAPITAL,Largecap,Finance
30-06-2023,HDFCAMC,Largecap,Finance
30-06-2023,INDUSINDBK,Largecap,Bank
30-06-2023,MARUTI,Largecap,Auto
30-06-2023,M&MFIN,Largecap,Finance
30-06-2023,SYNGENE,Largecap,Pharmaceuticals
30-06-2023,ALKEM,Largecap,Pharmaceuticals
30-06-2023,LTIM,Largecap,I.T
30-06-2023,RBLBANK,Midcap,Bank
03-07-2023,HINDPETRO,Largecap,Industrials
03-07-2023,SAIL,Largecap,Metals
03-07-2023,ONGC,Largecap,Oils
03-07-2023,RELIANCE,Largecap,Industrials
03-07-2023,ITC,Largecap,FMCG
03-07-2023,CHOLAFIN,Largecap,Finance
03-07-2023,HINDCOPPER,Midcap,Metals
03-07-2023,IOC,Largecap,Industrials
03-07-2023,BANKBARODA,Largecap,Bank
03-07-2023,INDUSINDBK,Largecap,Bank
03-07-2023,PNB,Largecap,Bank
03-07-2023,ULTRACEMCO,Largecap,Industrials
03-07-2023,IDFC,Midcap,Finance
03-07-2023,M&MFIN,Largecap,Finance
03-07-2023,IBULHSGFIN,Midcap,Finance
04-07-2023,TITAN,Largecap,Miscellaneous
04-07-2023,ITC,Largecap,FMCG
04-07-2023,CANFINHOME,Midcap,Finance
04-07-2023,HDFCAMC,Largecap,Finance
04-07-2023,BANKBARODA,Largecap,Bank
04-07-2023,TECHM,Largecap,I.T
04-07-2023,PFC,Largecap,Finance
05-07-2023,DABUR,Largecap,FMCG
05-07-2023,BHEL,Largecap,FMCG
05-07-2023,HINDPETRO,Largecap,Industrials
05-07-2023,SAIL,Largecap,Metals
05-07-2023,BPCL,Largecap,Industrials
05-07-2023,BANKBARODA,Largecap,Bank
05-07-2023,TECHM,Largecap,I.T
05-07-2023,PFC,Largecap,Finance
05-07-2023,IBULHSGFIN,Midcap,Finance
05-07-2023,MGL,Midcap,Industrials
06-07-2023,TATAPOWER,Largecap,Miscellaneous
06-07-2023,APOLLOHOSP,Largecap,Pharmaceuticals
06-07-2023,AUROPHARMA,Largecap,Pharmaceuticals
06-07-2023,BANKBARODA,Largecap,Bank
06-07-2023,MCDOWELL-N,Largecap,FMCG
06-07-2023,UBL,Largecap,FMCG
06-07-2023,NTPC,Largecap,Miscellaneous
06-07-2023,GMRINFRA,Largecap,Realty
06-07-2023,TECHM,Largecap,I.T
06-07-2023,POWERGRID,Largecap,Miscellaneous
06-07-2023,MGL,Midcap,Industrials
07-07-2023,GRANULES,Midcap,Pharmaceuticals
10-07-2023,ESCORTS,Largecap,Auto
11-07-2023,ABB,Largecap,FMCG
11-07-2023,SUNPHARMA,Largecap,Pharmaceuticals
11-07-2023,POLYCAB,Largecap,Industrials
11-07-2023,CROMPTON,Midcap,FMCG
11-07-2023,RBLBANK,Midcap,Bank
12-07-2023,ABB,Largecap,FMCG
12-07-2023,ONGC,Largecap,Oils
12-07-2023,ESCORTS,Largecap,Auto
12-07-2023,POLYCAB,Largecap,Industrials
12-07-2023,SYNGENE,Largecap,Pharmaceuticals
12-07-2023,RBLBANK,Midcap,Bank
13-07-2023,NAUKRI,Largecap,I.T
14-07-2023,INFY,Largecap,I.T
14-07-2023,ONGC,Largecap,Oils
14-07-2023,HINDALCO,Largecap,Metals
14-07-2023,ESCORTS,Largecap,Auto
14-07-2023,WIPRO,Largecap,I.T
14-07-2023,POLYCAB,Largecap,Industrials
14-07-2023,GLENMARK,Largecap,Pharmaceuticals
14-07-2023,BSOFT,Midcap,I.T
14-07-2023,TCS,Largecap,I.T
14-07-2023,COFORGE,Largecap,I.T
14-07-2023,TECHM,Largecap,I.T
14-07-2023,NAUKRI,Largecap,I.T
14-07-2023,GODREJPROP,Largecap,Realty
14-07-2023,LTTS,Largecap,I.T
17-07-2023,ASIANPAINT,Largecap,Industrials
17-07-2023,HINDCOPPER,Midcap,Metals
17-07-2023,IPCALAB,Largecap,Pharmaceuticals
17-07-2023,MCDOWELL-N,Largecap,FMCG
17-07-2023,OBEROIRLTY,Largecap,Realty
17-07-2023,ALKEM,Largecap,Pharmaceuticals
18-07-2023,ASIANPAINT,Largecap,Industrials
18-07-2023,BSOFT,Midcap,I.T
18-07-2023,ALKEM,Largecap,Pharmaceuticals
19-07-2023,KOTAKBANK,Largecap,Bank
19-07-2023,BSOFT,Midcap,I.T
19-07-2023,LTTS,Largecap,I.T
20-07-2023,CIPLA,Largecap,Pharmaceuticals
20-07-2023,DRREDDY,Largecap,Pharmaceuticals
20-07-2023,KOTAKBANK,Largecap,Bank
20-07-2023,GRASIM,Largecap,Textiles
20-07-2023,GLENMARK,Largecap,Pharmaceuticals
21-07-2023,LT,Largecap,Realty
21-07-2023,CANFINHOME,Midcap,Finance
21-07-2023,AUROPHARMA,Largecap,Pharmaceuticals
21-07-2023,ICICIGI,Largecap,Services
24-07-2023,DRREDDY,Largecap,Pharmaceuticals
24-07-2023,AUROPHARMA,Largecap,Pharmaceuticals
24-07-2023,GMRINFRA,Largecap,Realty
24-07-2023,RECLTD,Largecap,Finance
25-07-2023,DRREDDY,Largecap,Pharmaceuticals
25-07-2023,HINDCOPPER,Midcap,Metals
25-07-2023,GAIL,Largecap,Industrials
25-07-2023,GMRINFRA,Largecap,Realty
26-07-2023,BHEL,Largecap,FMCG
26-07-2023,DRREDDY,Largecap,Pharmaceuticals
26-07-2023,GRASIM,Largecap,Textiles
26-07-2023,TATACOMM,Largecap,Telecom
26-07-2023,BALKRISIND,Largecap,Auto
26-07-2023,HINDCOPPER,Midcap,Metals
26-07-2023,INDUSTOWER,Largecap,Telecom
27-07-2023,TORNTPHARM,Largecap,Pharmaceuticals
27-07-2023,TATACOMM,Largecap,Telecom
27-07-2023,ESCORTS,Largecap,Auto
27-07-2023,HINDCOPPER,Midcap,Metals
27-07-2023,MARICO,Largecap,FMCG
27-07-2023,GRANULES,Midcap,Pharmaceuticals
27-07-2023,PVRINOX,Midcap,Media
27-07-2023,GMRINFRA,Largecap,Realty
27-07-2023,GODREJPROP,Largecap,Realty
27-07-2023,OBEROIRLTY,Largecap,Realty
27-07-2023,SYNGENE,Largecap,Pharmaceuticals
27-07-2023,LALPATHLAB,Midcap,Pharmaceuticals
28-07-2023,BEL,Largecap,FMCG
28-07-2023,CUMMINSIND,Largecap,FMCG
28-07-2023,TATACOMM,Largecap,Telecom
28-07-2023,APOLLOHOSP,Largecap,Pharmaceuticals
28-07-2023,MARICO,Largecap,FMCG
28-07-2023,GAIL,Largecap,Industrials
28-07-2023,BSOFT,Midcap,I.T
28-07-2023,OBEROIRLTY,Largecap,Realty
28-07-2023,SYNGENE,Largecap,Pharmaceuticals
31-07-2023,BATAINDIA,Largecap,FMCG
31-07-2023,BEL,Largecap,FMCG
31-07-2023,SAIL,Largecap,Metals
31-07-2023,HEROMOTOCO,Largecap,Auto
31-07-2023,TATASTEEL,Largecap,Metals
31-07-2023,CUMMINSIND,Largecap,FMCG
31-07-2023,TATACOMM,Largecap,Telecom
31-07-2023,BALKRISIND,Largecap,Auto
31-07-2023,COROMANDEL,Largecap,Industrials
31-07-2023,SHRIRAMFIN,Largecap,Finance
31-07-2023,INDIACEM,Midcap,Industrials
31-07-2023,ADANIPORTS,Largecap,Realty
31-07-2023,MUTHOOTFIN,Largecap,Finance
01-08-2023,BALRAMCHIN,Midcap,FMCG
01-08-2023,COROMANDEL,Largecap,Industrials
01-08-2023,BERGEPAINT,Largecap,Industrials
01-08-2023,UBL,Largecap,FMCG
01-08-2023,GRANULES,Midcap,Pharmaceuticals
01-08-2023,IDFC,Midcap,Finance
01-08-2023,ASTRAL,Largecap,FMCG
01-08-2023,IDFCFIRSTB,Largecap,Bank
02-08-2023,BERGEPAINT,Largecap,Industrials
02-08-2023,PVRINOX,Midcap,Media
03-08-2023,ADANIENT,Largecap,Services
04-08-2023,TORNTPHARM,Largecap,Pharmaceuticals
07-08-2023,LICHSGFIN,Largecap,Finance
07-08-2023,DIVISLAB,Largecap,Pharmaceuticals
07-08-2023,ADANIPORTS,Largecap,Realty
07-08-2023,SYNGENE,Largecap,Pharmaceuticals
08-08-2023,ICICIGI,Largecap,Services
08-08-2023,MANAPPURAM,Midcap,Finance
09-08-2023,TRENT,Largecap,FMCG
09-08-2023,BHARATFORG,Largecap,Industrials